"LakeID","Trachyneis aspera","Nitzschia tubicola","Pinnularia semiinflata","Surirella subsalsa","Tabularia waernii","Navicula bipustulata","Alveus marinus","Nitzschia subconstricta","Cocconeis scutelum","Actinocyclus cf. octonarius","Actinocyclus cf. normaii","Nitzschia fusiformis","Tabularia fasciculata","Navicula veneta B.","Nitzschia sigma","Parlibellus plicatus","Rhopalodia musculus","Navicula hanseatica","Navicula meniscus","Navicula arenaria","Halamphora coffeiformis","Navicula peregrina","Halamphora acutiscula","Navicula phylleoptosoma","Mastogloia smithii","Diploneis smithii","Pinnunavis elegans","Nitzschia dubia","Surirella ovalis","Diploneis didymus","Parlibellus crucicula","Cocconeis californica","Amphora ovalis","Navicula rhynchotella","Staurosirella martyi","Navicula gregaria","Planothidium delicathulum","Stephanocyclus meneghinianus","Stephanodiscus hantzschii","Diploneis elliptica","Achnanthes adnata","Pre Stauroneis crucicula","Ctenophora pulchella","Navicula radiosa","Nitzschia inconspicua","Sellaphora bacillum","Placoneis clementis","Cymbopleura naviculiformis","Diatoma moniliformis","Luticolopsis vietnamica","Synedra famelica","Fragilaria capucina","Nitzschia sigmoidea","Amphipleura pellucida","Nitzschia nana","Pseudostaurosira elliptica","Pseudofallacia tenera","Craticula halophilioides","Brebissonium lanceolatum","Fallacia pygmaea","Stauroneis separanda","Diatoma tenuis","Nitzschia dissipata","Pseudostaurosira brevistriata","Brachysira styriaca","Achnanthidium lineare","Nitzschia palea","Encyonopsis microcephala","Navicula cryptotenella","Staurosira construens","Pinnularia borealis","Fragilaria gracilis","Pinnularia viridis","Fallacia tenera","Aulacoseira canadensis","Cymbopleura inaequalis","Iconella curvula","Caloneis silicula","Caloneis tenuis","Encyonema minutum","Gomphonema acuminatum","Cymbella cymbiformis","Sellaphora laevissima","Encyonema silesiacum","Halamphora bicapitata","Pinnularia viridiformis","Lindavia radiosa","Adlafia minuscula","Gomphonema minusculum","Encyonema obscurum","Lindavia balatonis","Stauroforma exiguiformis","Achnanthidium minutissimum","Platessa oblongella","Tabellaria flocculosa","Brachysira vitrea","Achnanthidium petersenii","Eunotia bilunaris","Frustulia saxonica","Tabellaria ventricosa","Brachysira seriens","Eunotia implicata","Eunotia rhomboidea","Brachysira procea","Encyonema neogracile","Eunotia nymanniana","Frustulia vulgaris","Fragilaria radians","Eunotia tenella","Frustulia erifuga","Encyonopsis cesatii","Rossithidium pusillum","Eunotia vanheurckii","Cocconeis placentula","Aulacoseira cf. ambigua","Gomphonema parvulius","Staurosirella pinnata","Psammothidium subatomoides","Fragilaria tenera var. nanana","Pinnularia microstauron","Gyrosigma acuminatum","Pinnularia krammeri","Frustulia bahlsii","Tabellaria fenestrata","Gomphonema drutelingense","Stauroneis kriegeri","Stauroneis gracilis","Navicula cf. cryptocephala","Eunotia arcus","Hippodonta hungarica","Iconella amphioxys","Fragilaria tenera","Pinnularia biceps","Nitzschia hantzschiana","Neidium affine","Fragilaria formabicapitata","Placoneis elginensis","Stauroneis phoenicentron","Eunotia paludosa","Staurosira venter","Gomphonema parvulum","Navicula tripunctata","Diploneis finnica","Eucocconeis flexella","Eunotia meisteri","Eunotia subherkiniensis","Stauroneis sylvahassiaca","Diploneis boldtiana","Eunotia glacialis","Stauroneis acidoclinata","Nitzschia homburgensis","Pinnularia complexa","Fragilaria exigua","Meridion circulare","Ulnaria delicatissima var. angustissima","Actinella punctata","Fragilaria rhabdosoma","Pinnularia cf. stomatophora","Neidium bisulcatum","Pinnularia macilenta","Pinnularia pulchra","Eunotia triodon","Fragilaria formavirescens var. subsalina","Neidiumampilatum","Neidium longiceps","Pinnularia turfosiphila","Caloneis schumanniana","Eunotia boreoalpina","Eunotia tetraedron","Cavinula pseudoscutiformis","Diploneis krammeri","Gomphonema coronatum","Pinnularia subgibba","Pinnularia subnodosa","Ulnaria ulna","Gomphonema pala","Gomphonema pumilum","Planothidium potapovae","Staurosira bidonis","Diatoma sp.","Aulacoseira sp.","Pinnularia sp.","Sellaphora sp.","Achnanthes sp.","Stauroneis capitata","Nitzschia sp.","Tabellaria sp.","Species_richness","Inverse_Simpson"
"TL08",0,1,0,0,1,0,0,0,0,0,0,0,1,0,4,0,0,1,0,2,0,7,0,0,0,0,0,0,0,0,0,0,0,0,0,0,1,1,5,3,0,0,1,0,0,0,2,0,1,1,0,0,0,0,0,70,0,1,0,0,0,1,1,18,4,6,21,0,0,0,4,26,0,0,0,0,0,0,0,0,0,0,0,2,0,0,30,0,0,0,0,94,13,31,0,1,17,0,0,0,1,1,0,0,0,0,1,0,2,0,0,3,1,0,0,0,0,0,1,0,1,0,0,2,0,0,0,0,0,2,2,0,0,1,0,0,0,0,0,0,0,0,1,0,1,0,0,0,0,0,0,0,0,0,0,0,0,0,0,0,0,0,0,0,0,0,0,1,0,1,0,0,0,0,0,0,0,0,0,4,0,2,0,0,0,0,0,50,10.0029638411381
"TL09",0,0,0,0,0,0,0,0,0,0,0,0,0,0,0,1,0,2,5,0,0,6,0,0,0,0,2,1,0,0,0,0,0,0,4,0,0,1,0,1,0,0,3,0,1,3,1,1,1,0,0,0,0,0,0,53,8,10,0,0,0,7,4,13,11,1,16,0,0,0,0,3,0,0,0,0,0,0,0,0,0,0,0,4,0,0,2,0,0,0,0,50,68,17,13,0,13,5,0,0,14,1,1,0,4,1,2,8,1,0,0,5,0,0,0,0,0,0,5,0,2,0,0,6,0,0,0,0,0,0,0,0,0,0,0,0,0,0,1,0,0,2,0,0,0,0,0,0,1,0,1,0,0,0,0,0,0,0,0,0,0,0,0,0,0,0,0,0,0,0,3,0,0,0,0,0,0,0,0,10,0,0,0,0,0,0,1,52,13.9020141535112
"TL18",0,0,0,0,0,0,0,0,0,0,0,0,0,0,0,2,0,11,7,0,0,5,2,0,2,0,1,0,0,0,0,0,0,0,0,0,0,3,0,0,0,0,5,0,0,0,2,0,5,0,0,0,0,0,0,110,1,2,0,0,0,0,0,9,2,3,4,0,0,0,5,1,1,0,0,0,0,0,0,0,0,0,0,0,0,0,0,0,0,0,0,130,16,27,0,0,9,0,0,0,7,0,0,0,0,0,1,3,0,0,0,0,0,7,0,0,0,0,0,0,0,0,0,0,0,0,0,0,0,7,0,0,0,0,0,0,0,0,2,0,0,0,0,0,0,0,0,0,0,0,0,0,0,0,0,0,0,0,0,0,0,0,0,0,0,0,1,0,0,0,0,0,0,0,0,0,0,0,0,6,0,0,1,0,0,0,0,34,5.91681849594773
"TL27",0,0,0,0,0,0,0,0,0,0,0,1,0,0,0,0,0,16,1,1,4,3,2,0,2,0,0,1,0,0,0,0,0,0,0,0,2,12,0,0,0,1,30,0,0,1,2,0,12,0,0,0,0,0,0,80,1,1,0,0,0,0,1,1,0,6,1,0,0,0,8,0,0,0,0,0,0,0,0,0,0,0,0,1,35,0,0,0,0,0,0,8,11,30,4,0,4,1,1,0,1,0,0,0,0,0,0,42,0,0,0,0,0,5,60,0,0,0,0,0,0,0,0,0,0,0,0,0,0,3,0,0,0,0,0,0,0,0,0,0,0,1,1,0,0,0,0,0,0,0,0,0,0,0,0,0,0,0,0,0,0,0,0,0,0,0,0,0,0,0,0,0,0,0,0,0,0,0,0,2,0,0,0,0,0,0,0,41,11.1597521087967
"TL101",0,0,0,0,0,0,0,0,0,0,0,0,0,0,0,0,0,2,0,0,0,0,1,0,1,0,0,0,0,0,0,0,0,0,6,0,0,1,0,0,0,0,3,0,16,4,0,0,20,0,0,0,0,0,0,54,0,7,0,0,0,2,3,13,9,49,15,0,0,0,0,0,2,0,0,0,0,0,0,0,0,0,0,0,0,0,0,0,0,0,0,32,28,76,1,0,32,0,0,0,4,1,0,0,0,0,0,0,0,0,0,0,0,10,0,0,0,0,0,0,0,0,0,0,0,0,0,0,0,0,0,0,0,0,0,0,0,0,1,0,0,0,0,0,0,0,0,0,0,0,0,0,0,0,0,0,0,0,0,0,0,0,0,0,0,0,1,0,0,0,0,0,0,0,0,0,0,0,0,4,0,0,2,0,0,0,0,30,11.392483056069
"SGL15",0,0,0,0,0,0,0,0,0,0,0,0,0,0,0,2,0,0,0,0,1,0,9,0,1,0,0,0,0,0,0,0,0,0,0,1,0,20,0,5,0,2,0,7,14,2,4,12,0,1,0,0,0,0,0,3,0,0,0,0,0,0,5,15,2,8,11,0,0,0,0,1,0,0,0,0,0,0,0,0,0,0,0,1,1,0,46,0,0,0,0,14,49,4,3,14,7,12,6,0,26,6,3,0,1,9,26,0,1,1,0,8,1,0,0,0,0,0,0,12,2,4,0,1,1,1,0,0,0,0,0,0,0,0,0,0,0,1,1,0,0,4,0,0,0,0,1,0,0,0,0,0,0,0,0,0,0,0,0,0,0,0,0,0,0,0,0,0,1,1,0,0,0,0,0,0,0,0,0,1,0,2,2,0,0,0,0,57,18.1088181739357
"SGL102",0,0,0,0,0,1,0,0,0,0,0,0,0,0,0,0,0,5,1,0,0,0,0,0,0,0,0,0,0,0,0,0,0,0,8,1,0,21,12,10,0,0,0,19,7,12,3,0,0,3,0,0,0,0,0,26,2,6,0,0,1,0,1,35,2,1,5,0,0,0,0,0,1,0,0,0,0,0,0,0,1,0,0,2,0,0,14,0,0,0,0,6,110,3,5,1,19,1,0,0,6,5,0,0,1,0,5,2,1,0,1,10,0,3,0,2,0,0,0,0,0,0,0,1,1,0,0,1,0,0,0,0,0,0,0,0,0,4,0,0,0,0,1,0,1,0,3,0,0,0,0,0,0,0,0,0,0,0,0,1,0,0,0,0,0,0,0,0,0,0,0,0,0,2,0,0,0,0,0,0,0,4,0,0,0,0,0,53,10.7310045494954
"SGL103",0,0,1,1,0,0,0,0,0,0,0,0,0,0,0,0,0,1,0,0,0,0,6,0,2,0,0,0,0,0,0,0,1,0,0,0,0,5,0,0,0,0,0,4,22,6,1,22,0,0,0,0,0,0,0,7,5,3,1,0,0,1,0,17,13,0,8,0,15,0,0,0,5,0,0,0,0,0,0,0,0,0,0,1,0,0,24,0,0,0,0,13,82,7,1,4,7,3,8,1,6,7,6,0,0,12,22,1,7,6,0,3,6,0,0,3,0,0,0,2,0,7,0,0,0,0,0,0,0,0,0,0,0,0,0,0,4,5,1,0,0,0,0,0,0,0,3,0,0,0,0,0,0,0,0,0,0,0,0,0,0,0,0,0,0,1,0,0,0,0,0,0,0,0,0,0,0,0,0,0,0,0,0,0,0,0,0,51,15.4079993939853
"SGL104",0,0,0,0,0,0,0,0,0,0,0,0,0,0,0,0,0,1,0,4,0,0,11,0,0,0,0,0,0,0,0,0,0,0,35,0,50,0,0,0,0,0,0,0,8,7,14,0,0,0,0,0,0,0,0,107,0,0,0,1,0,0,0,62,0,0,2,0,0,0,0,0,0,0,0,0,0,0,0,0,0,0,0,0,1,0,0,0,0,0,0,3,28,12,0,0,7,0,0,0,0,0,0,0,0,0,0,1,0,0,0,1,0,4,0,27,0,0,0,0,0,0,0,0,12,0,0,0,0,0,0,0,0,0,0,0,1,0,0,0,0,0,0,0,0,0,0,0,0,0,0,0,0,0,0,0,0,0,0,0,0,0,0,0,0,0,0,0,0,0,0,0,0,0,0,0,0,0,0,0,0,0,0,0,0,1,0,24,8.19921554319073
"SGL105",0,4,0,0,0,9,0,0,0,0,0,0,0,0,0,0,0,6,0,4,0,0,13,1,0,0,0,1,0,0,0,0,0,0,42,1,24,5,0,0,0,0,20,0,11,0,0,0,5,0,0,0,0,0,0,162,5,0,0,0,0,1,5,7,0,0,1,0,3,0,9,0,0,0,0,0,0,0,0,0,0,0,0,0,4,0,0,0,0,0,0,15,9,3,1,0,5,0,0,0,0,0,0,0,0,0,0,16,1,0,0,0,0,2,0,2,0,0,0,0,0,0,0,0,1,0,0,0,0,2,0,0,0,0,0,0,0,0,0,0,0,0,0,0,0,0,0,0,0,0,0,0,0,0,0,0,0,0,0,0,0,0,0,0,0,0,0,0,0,0,0,0,0,0,0,0,0,0,0,0,0,0,0,0,0,0,0,34,5.98906200317965
"SGL107",0,0,0,0,0,0,0,0,0,0,0,0,0,0,0,3,0,4,1,0,0,0,0,0,0,0,1,0,0,0,0,0,0,0,0,0,0,0,0,0,0,1,1,0,0,0,0,1,0,9,0,0,0,0,0,13,4,0,0,0,0,1,3,11,7,0,5,0,1,0,0,0,1,0,0,0,0,0,0,0,0,0,0,0,0,0,0,0,0,0,0,285,2,4,2,2,2,2,0,0,0,2,0,0,0,1,1,4,5,0,0,1,4,0,0,0,0,0,0,1,1,0,0,0,0,0,0,0,0,1,6,0,0,0,0,0,3,1,0,0,0,0,0,0,0,0,2,0,0,0,0,0,0,0,0,0,0,0,0,0,0,0,0,0,0,0,0,0,0,0,0,0,0,0,0,0,0,0,0,0,0,0,0,0,1,0,0,39,2.31072023788113
"SGL113",0,1,0,0,0,0,0,0,0,0,0,0,0,0,0,0,0,1,0,0,0,0,3,0,0,0,0,0,0,0,0,0,0,0,36,0,4,4,1,0,0,0,161,0,4,20,0,0,0,8,0,0,6,0,0,5,10,0,1,0,0,0,1,6,1,0,1,0,2,0,1,0,1,0,0,0,0,0,0,0,0,0,0,1,0,0,0,0,0,0,0,54,6,19,7,0,2,2,1,0,0,8,0,0,0,1,2,3,3,0,0,0,2,3,0,0,0,0,0,0,0,1,0,0,0,0,0,0,0,1,1,0,0,0,0,0,0,0,0,0,3,0,0,0,0,0,0,0,0,0,1,0,0,0,0,0,0,0,0,0,0,0,0,0,0,0,0,0,0,0,0,0,0,0,0,0,0,0,0,0,0,1,0,0,0,0,0,43,5.89637352402127
"SGL118",0,0,0,0,0,0,0,0,0,0,0,0,0,0,0,0,0,0,0,0,0,0,0,0,0,0,0,0,0,0,0,0,0,0,0,0,1,1,0,0,0,0,0,1,13,0,0,3,1,1,0,0,0,0,0,0,4,0,0,0,0,0,0,17,3,9,4,0,9,0,0,0,0,0,0,0,0,0,0,0,0,0,0,4,0,1,0,0,2,0,0,0,86,14,11,123,5,1,0,0,17,3,0,0,8,2,1,0,4,0,0,1,1,0,0,4,0,0,0,1,0,1,0,0,12,0,0,3,19,0,0,0,0,0,0,0,1,0,0,0,3,0,0,0,0,0,0,0,0,0,0,0,0,0,0,0,0,0,0,2,0,0,0,0,0,0,0,0,0,0,0,1,0,0,0,0,0,0,0,0,0,1,1,0,0,0,0,42,7.43903739243013
"SGL119",0,0,0,0,0,0,0,0,0,0,0,0,0,0,0,0,0,1,0,0,0,0,0,0,0,0,0,0,0,0,0,0,0,0,0,0,0,0,0,1,0,0,0,6,23,0,0,0,0,0,0,0,0,8,0,0,3,0,0,0,0,0,3,8,3,21,7,0,10,0,0,0,1,0,0,0,0,1,0,1,0,0,0,10,15,1,0,1,0,0,0,3,45,13,1,77,31,0,16,0,16,2,4,0,20,8,11,1,3,0,0,0,0,0,0,0,0,0,0,2,0,1,0,0,1,0,0,13,4,0,1,0,0,0,0,0,0,0,0,0,0,0,0,0,0,0,0,0,0,0,0,0,0,0,0,0,0,0,0,2,0,0,0,0,0,1,0,0,0,0,0,0,0,0,0,0,0,0,0,0,0,0,0,0,0,0,0,42,14.1322337962963
"SGL120",0,0,0,0,0,0,0,0,0,1,0,0,0,0,0,0,0,0,0,0,0,0,0,0,0,0,1,0,0,0,0,0,0,0,0,0,0,1,0,0,0,1,0,3,7,3,0,6,0,0,0,0,0,0,0,0,6,0,0,0,0,0,0,7,3,1,15,0,0,0,0,0,3,0,0,0,0,0,0,7,0,0,0,0,0,7,0,0,0,0,0,23,20,2,37,58,5,7,32,19,23,3,7,0,9,10,25,0,0,3,0,0,0,0,0,0,0,0,0,8,0,0,0,11,1,2,0,2,1,0,0,0,0,0,0,0,0,2,5,0,0,1,0,3,0,0,4,0,0,0,0,0,0,0,0,1,0,0,0,1,0,0,0,0,0,3,0,0,0,0,0,0,0,0,0,0,0,0,0,0,0,0,0,0,0,0,0,46,17.390802587865
"SGL123",0,0,0,0,0,0,0,0,0,0,0,0,0,0,0,1,0,8,7,2,0,44,0,0,0,0,4,0,0,0,0,0,0,0,0,0,0,20,0,0,0,0,12,0,3,0,0,0,0,0,0,0,0,0,0,187,3,0,0,0,0,1,5,10,0,2,0,0,2,0,1,0,1,0,0,0,0,0,0,0,0,0,0,0,0,0,0,0,0,0,0,16,5,1,0,0,10,0,0,4,0,2,0,0,0,0,2,10,0,0,0,0,0,0,0,0,0,0,0,0,26,1,0,0,0,0,0,0,0,1,8,0,0,0,0,0,0,0,0,0,0,0,0,0,0,0,0,0,0,0,0,0,0,1,0,0,0,0,0,0,0,0,0,0,0,0,0,0,0,0,0,0,0,0,0,0,0,0,0,0,0,0,0,0,0,0,0,31,4.65018649710867
"SGL124",0,0,0,0,0,1,0,0,0,0,0,0,0,0,2,3,0,5,14,0,0,2,0,0,0,0,0,1,0,0,0,0,0,0,1,0,0,3,0,0,0,0,2,0,2,2,0,0,5,0,0,0,3,0,0,65,27,0,0,0,0,16,2,18,0,6,15,0,2,0,1,0,1,0,0,0,0,0,0,4,0,0,0,0,0,1,0,2,0,0,0,24,23,3,1,0,12,13,0,13,1,1,0,0,0,2,0,54,1,0,0,0,2,1,0,1,0,1,0,1,6,17,0,1,0,0,0,0,0,0,1,0,0,0,0,0,0,2,0,0,4,0,0,0,0,0,0,0,0,0,0,0,0,7,0,0,0,0,0,0,0,0,0,0,0,0,0,0,0,0,0,1,0,0,0,1,0,0,0,0,0,0,0,0,0,0,0,53,14.8090495778307
"SGL127",0,0,0,0,0,0,0,0,0,0,0,0,0,0,0,0,1,0,3,0,0,0,0,0,0,0,0,0,0,0,0,0,0,0,5,0,0,0,0,0,0,0,0,1,2,5,1,1,0,0,0,0,0,0,0,125,0,6,0,0,0,0,0,29,0,2,2,7,3,84,1,0,2,0,0,0,0,0,0,1,1,0,0,1,0,0,0,0,0,0,0,34,4,8,0,1,30,0,0,0,0,4,6,0,0,0,0,1,0,0,0,0,0,0,0,1,0,0,0,0,0,0,0,0,0,0,0,0,0,2,1,0,0,0,0,0,22,0,1,0,0,0,1,0,0,0,0,0,0,0,0,0,0,0,0,0,0,0,0,0,0,0,0,0,0,0,0,0,0,0,0,0,0,0,0,0,0,0,0,0,0,1,0,0,0,0,0,36,6.86812630970446
"SGL08",8,0,1,0,0,7,16,1,265,0,2,0,0,0,0,3,0,0,0,6,3,0,5,0,4,0,1,0,0,2,0,2,0,0,7,0,7,1,0,1,18,0,1,0,0,0,0,1,0,0,0,0,0,0,0,1,0,1,0,0,0,0,0,2,0,1,0,1,0,0,0,0,0,0,0,0,0,0,0,0,0,0,0,0,1,0,1,0,0,0,0,10,0,0,0,0,0,0,0,0,0,0,0,0,0,0,0,0,0,1,0,0,0,12,0,0,0,0,0,0,1,0,0,0,0,0,0,0,0,0,1,0,0,0,0,0,0,0,0,0,0,0,0,0,0,0,0,0,0,0,0,0,0,0,0,3,0,0,0,0,0,0,0,0,0,0,0,0,0,0,0,0,0,0,0,0,0,0,0,0,0,1,1,0,0,0,0,37,2.62439017686589
"TAILORSPOND",0,0,1,0,0,2,0,0,2,2,0,0,0,0,3,1,0,8,13,2,0,10,14,2,0,0,1,0,1,0,0,0,4,0,5,0,4,4,0,1,0,0,3,8,6,4,8,0,0,0,0,0,10,0,0,5,3,1,0,0,0,4,0,7,0,15,4,7,0,13,2,0,3,0,0,0,0,0,0,0,0,0,0,1,1,0,17,0,0,0,1,25,30,3,26,13,5,7,1,4,4,4,4,0,7,1,12,1,0,0,0,0,0,1,0,1,0,0,0,0,0,5,0,0,4,1,0,18,4,5,1,0,0,0,0,0,1,2,0,0,1,0,0,1,2,0,0,0,0,0,0,0,0,0,0,0,0,0,0,0,0,0,0,0,0,0,0,0,0,0,0,0,0,0,0,0,0,0,0,0,0,0,0,3,0,0,0,71,22.2441592299208
"SGL25",0,0,0,0,0,0,0,0,0,0,0,0,0,0,0,1,0,5,0,0,1,0,0,0,0,0,5,0,0,0,0,0,0,0,0,0,0,0,0,0,0,0,0,0,1,0,8,0,9,0,0,0,0,0,0,267,0,0,0,0,0,0,0,0,0,19,2,0,0,0,17,0,0,0,0,0,0,0,1,0,0,0,0,0,1,0,0,0,0,0,0,0,3,30,0,0,0,0,0,0,0,0,0,0,0,0,0,0,0,0,0,0,1,0,0,6,0,0,0,0,6,0,0,0,0,0,0,1,0,11,0,0,0,0,0,0,0,0,0,0,0,0,0,0,0,0,0,0,0,0,5,0,0,0,0,0,0,0,0,0,0,0,0,0,0,0,0,0,0,0,0,0,0,0,0,0,0,0,0,0,0,0,0,0,0,0,0,21,2.40447410904454
"SGL128",0,0,0,0,0,0,0,0,0,0,0,0,0,0,0,0,0,11,4,0,0,0,0,0,0,0,0,0,0,0,0,0,0,0,0,0,0,0,0,0,0,0,0,11,0,6,0,9,0,0,0,0,0,0,0,84,0,0,0,0,0,0,0,124,0,0,0,1,0,0,0,0,1,1,0,1,0,0,0,0,0,0,9,0,0,0,0,2,0,0,0,2,2,53,0,5,0,0,0,0,0,0,0,0,0,0,0,1,0,1,1,2,0,0,0,0,5,1,0,0,0,0,0,0,0,2,0,1,0,0,2,1,12,0,7,27,0,0,0,0,0,1,0,0,0,0,1,0,0,0,1,0,7,0,0,0,0,0,0,0,0,0,0,0,0,0,0,0,1,0,0,0,0,0,0,0,0,0,0,0,0,0,0,0,0,0,0,35,6.76262463814731
"SGL122",0,0,0,0,0,0,0,0,0,0,0,0,0,1,0,0,0,0,0,0,0,0,0,0,0,0,0,0,0,0,0,0,0,0,0,18,0,0,0,0,0,0,0,17,0,1,0,0,0,0,0,0,0,0,0,12,0,0,0,0,0,0,0,16,0,13,33,18,9,0,0,0,3,1,0,0,0,0,0,38,0,0,4,0,0,0,0,0,0,0,0,49,35,22,3,14,0,1,5,5,4,14,4,0,0,7,0,0,7,3,0,8,1,0,0,0,0,0,0,0,6,1,0,0,0,0,4,0,0,0,8,0,0,0,2,0,0,2,0,0,0,0,0,0,3,0,0,5,0,0,0,0,0,0,0,0,0,1,0,0,2,0,0,0,0,0,0,0,0,0,0,0,0,0,0,0,0,0,0,0,0,0,0,0,0,0,0,40,18.1307360929013
"SGL05",0,0,0,0,0,0,0,0,0,0,0,0,0,0,0,0,0,0,0,0,0,0,0,0,0,0,0,0,0,0,0,0,0,0,0,4,0,125,0,0,0,0,0,8,0,0,0,0,0,0,0,0,0,0,0,0,0,0,0,0,0,0,0,0,0,0,4,0,8,0,0,0,0,0,0,0,0,0,0,20,0,0,4,0,0,0,24,0,0,0,0,8,8,4,0,2,0,44,52,0,26,0,0,0,0,12,0,0,0,28,0,0,4,4,8,0,0,0,0,1,0,0,0,0,0,0,0,0,0,0,0,0,1,0,0,0,0,0,0,0,0,0,0,0,0,0,0,0,0,0,0,0,0,0,0,0,0,1,0,0,0,0,0,0,0,0,0,0,0,0,0,0,0,0,0,0,0,0,0,0,0,0,0,0,0,0,0,23,7.51897297978737
"SGL110",0,0,0,0,0,0,0,0,0,0,0,0,0,0,0,0,0,0,0,0,0,0,0,0,0,0,0,0,0,0,0,0,0,1,0,0,0,0,0,0,0,0,0,0,0,0,0,0,0,0,0,0,0,8,0,1,0,0,0,0,0,0,0,0,0,0,2,0,5,0,0,0,0,0,0,1,4,0,0,7,0,0,0,0,0,0,0,0,0,0,0,0,0,4,58,0,0,31,42,0,41,1,1,87,0,2,48,0,6,39,0,1,4,0,0,0,0,0,0,0,0,0,0,0,0,0,1,0,0,0,1,0,0,0,0,0,0,0,0,0,0,0,0,0,0,0,0,1,0,0,0,0,0,0,0,1,0,1,0,0,0,1,0,0,0,0,0,0,0,0,0,0,0,0,0,0,0,0,0,0,0,0,0,0,0,0,0,28,9.0730064388311
"SGL109",0,0,0,0,0,0,0,0,0,0,0,0,0,0,1,0,0,1,1,0,0,0,0,0,0,0,0,0,0,0,0,0,0,0,0,3,0,16,0,0,0,0,0,0,0,0,0,0,0,0,0,0,0,0,0,0,0,0,0,0,0,0,3,3,0,0,3,5,0,0,0,0,0,25,0,0,0,0,0,0,0,0,0,6,0,0,44,27,0,0,0,4,1,3,21,1,0,34,6,20,0,0,56,0,0,19,1,0,1,2,1,0,44,0,8,0,0,0,0,0,0,0,0,0,1,0,0,0,0,0,0,0,1,0,0,0,0,0,16,0,1,0,0,0,7,0,0,0,9,0,0,0,0,0,0,0,0,0,0,0,2,0,0,0,0,0,0,0,1,0,0,0,0,0,0,0,0,0,0,0,2,0,0,0,0,0,0,38,14.6984370211462
"SGL125",0,0,0,0,0,0,0,0,0,0,0,0,0,0,0,0,0,0,0,0,0,0,0,0,0,0,0,0,0,0,0,0,3,0,0,0,0,4,0,0,0,0,0,3,0,3,0,0,0,0,0,0,0,0,0,9,0,2,0,0,0,0,0,25,0,36,3,5,0,0,0,0,0,2,0,0,0,0,0,3,0,0,4,0,0,0,5,3,0,0,0,97,30,22,6,0,45,20,0,3,1,23,7,2,0,0,0,0,4,0,1,4,0,0,5,1,1,0,0,1,0,0,0,11,0,0,0,0,1,0,0,0,0,0,1,0,0,0,1,0,0,0,1,0,0,0,0,0,1,0,0,0,0,0,0,0,0,0,0,0,0,0,0,0,0,0,0,0,0,0,0,0,0,0,0,0,1,0,0,0,0,0,0,0,0,0,0,40,10.888638920135
"SGL116",0,0,0,0,0,0,0,0,0,0,0,0,0,0,0,0,0,0,0,0,0,0,0,0,0,0,0,0,0,0,0,0,0,0,0,0,0,0,0,0,0,0,0,2,0,1,0,0,0,0,0,0,0,0,0,40,0,0,0,0,0,0,0,8,1,0,2,1,0,0,0,0,3,6,0,1,0,0,0,2,0,0,1,0,0,0,0,2,0,0,0,203,12,8,35,0,1,2,4,20,0,2,1,14,0,0,3,0,1,0,1,2,0,0,0,0,0,0,0,2,0,1,0,12,0,0,0,0,0,0,0,0,0,0,2,2,0,0,0,0,1,0,0,0,0,0,0,0,0,0,0,0,0,0,0,0,0,1,0,0,0,0,0,0,0,0,0,0,0,0,0,0,0,0,0,0,0,0,0,0,0,0,0,0,0,0,0,35,4.07874032720454
"SGL114",0,0,0,0,0,0,0,0,0,0,0,0,0,0,0,0,0,12,1,1,6,2,0,0,0,0,1,0,0,0,0,0,0,0,0,0,12,2,0,0,0,0,2,0,0,0,0,0,0,0,0,0,0,0,0,219,0,1,0,0,0,0,0,7,0,10,0,2,0,0,7,12,1,1,2,0,0,0,0,0,0,0,0,1,0,0,0,2,0,0,0,44,7,14,1,0,3,0,0,1,0,1,0,0,0,0,0,0,0,0,1,6,0,2,0,0,6,0,0,0,0,0,0,0,0,1,0,0,0,3,0,0,0,0,0,0,0,0,0,0,0,0,0,0,0,0,0,0,0,0,0,0,0,0,0,0,3,0,0,0,0,0,2,0,0,0,1,0,0,0,0,0,0,0,0,0,0,0,0,0,0,0,0,0,0,0,0,37,3.64994935112096
"SGL126",0,0,0,0,0,0,0,0,0,0,0,0,0,0,0,0,0,0,0,0,13,0,0,0,0,0,0,0,0,0,0,0,6,0,0,0,0,1,0,2,0,0,0,22,0,1,0,0,0,0,1,0,0,0,0,1,0,2,0,0,0,0,0,0,1,46,2,2,0,0,0,11,0,0,0,0,0,0,0,8,0,0,2,1,0,0,4,0,1,0,0,12,40,6,21,9,0,1,12,1,0,2,12,34,14,10,0,0,29,0,1,24,24,0,0,1,0,0,0,1,0,1,0,2,0,0,0,2,0,0,0,3,0,0,1,0,0,1,0,0,0,6,0,2,0,0,0,0,0,0,0,0,0,0,0,0,0,0,0,0,0,0,0,0,0,0,0,1,0,0,0,0,0,0,0,0,0,0,0,0,0,0,0,0,0,0,0,47,17.6089715343263
"SGL115",0,0,0,0,0,0,0,0,0,0,0,0,0,0,0,0,0,3,2,0,0,0,0,0,0,0,0,0,1,0,0,0,0,0,0,0,0,1,0,0,0,0,0,0,0,0,0,0,0,0,0,0,0,0,0,369,0,0,0,0,0,0,0,0,0,0,0,0,0,0,0,0,1,0,0,0,0,0,0,0,0,0,0,0,0,0,0,0,0,0,0,15,0,0,0,0,0,0,0,4,0,0,0,0,0,0,0,1,0,0,0,0,0,0,0,0,0,0,0,0,1,0,0,0,0,0,0,0,0,0,0,0,0,0,0,0,0,1,0,0,1,0,0,0,0,0,0,0,0,0,0,0,0,0,0,0,0,0,0,0,0,0,0,0,0,0,0,0,0,0,0,0,0,0,0,0,0,0,0,0,0,0,0,0,0,0,0,12,1.24294480324532
"SGL129",0,0,0,0,0,0,0,0,0,0,0,0,0,0,0,0,0,1,0,0,1,0,0,0,1,0,0,1,0,0,0,0,0,0,0,0,0,0,0,0,0,0,0,4,0,3,0,5,0,0,0,0,0,0,0,4,0,0,1,0,0,0,2,13,4,25,15,3,0,2,0,0,9,0,0,0,0,0,0,3,0,0,3,2,0,1,0,0,0,0,0,100,37,16,1,1,0,7,12,2,0,1,17,6,3,3,5,2,7,8,16,0,4,0,0,1,5,0,0,11,0,0,0,0,1,0,9,0,1,0,0,2,1,0,2,0,0,6,0,0,0,3,0,3,0,0,1,1,0,0,0,0,1,0,0,0,0,0,0,0,0,0,0,0,0,0,1,0,0,0,0,0,0,0,0,0,0,0,0,0,0,0,0,0,0,0,0,56,12.0598538452616
"SGL07",0,0,0,0,0,0,0,0,0,0,0,0,0,0,0,0,0,1,0,0,0,0,0,0,0,0,0,0,0,0,0,0,0,1,3,0,3,1,0,0,0,0,0,0,1,1,0,0,0,0,0,0,0,0,0,148,0,0,0,0,0,0,0,39,0,10,2,0,1,0,4,1,0,0,0,0,0,0,0,0,0,0,0,0,0,0,1,1,0,0,0,39,26,20,1,1,12,0,0,1,0,0,0,0,0,2,1,4,0,0,0,0,0,0,0,0,34,3,0,0,0,0,0,0,0,0,0,0,1,0,1,0,0,0,0,0,0,0,0,25,0,2,0,0,0,0,0,0,0,0,0,0,0,0,6,0,0,0,0,0,0,0,0,0,0,0,0,0,0,0,0,0,0,0,0,0,0,0,0,3,0,0,0,0,0,0,0,34,6.42108133906048
"SGL108",0,0,0,0,0,0,0,0,0,0,0,0,0,0,0,0,3,0,0,0,6,0,1,0,1,0,0,0,0,1,0,0,0,0,0,0,0,2,0,0,0,0,2,1,3,0,0,0,0,0,0,0,0,0,0,297,0,0,0,0,0,0,0,19,0,3,2,0,2,0,0,0,0,0,0,0,0,0,0,0,0,0,0,0,0,0,0,0,0,0,0,24,8,10,0,0,0,0,0,0,0,0,0,0,0,0,0,0,0,0,0,0,0,0,0,4,0,0,0,0,0,0,0,0,0,0,0,0,0,0,0,0,0,0,0,0,0,0,0,4,0,2,0,0,0,0,0,1,0,0,0,0,0,0,2,0,0,0,0,0,0,0,0,0,0,0,0,0,0,0,0,0,0,0,2,0,0,0,0,0,0,0,0,0,0,0,0,23,1.98882923738704
"SGL06",3,0,0,0,0,0,0,0,177,0,0,0,7,0,0,0,2,0,0,1,7,0,3,0,47,0,0,1,0,1,0,0,0,0,0,0,43,11,0,0,0,0,1,0,0,1,1,0,0,0,12,4,0,0,0,5,0,0,0,0,0,5,0,9,0,8,1,0,0,1,0,0,0,0,0,0,0,0,0,0,0,0,0,0,3,0,0,0,0,0,0,8,1,4,0,1,0,0,0,0,0,0,0,0,0,0,0,0,0,0,1,0,0,30,0,0,0,0,0,0,0,0,0,0,0,0,0,0,0,0,0,0,0,0,0,0,0,0,0,0,0,0,0,0,0,0,0,0,0,0,0,0,0,0,0,0,0,0,0,0,0,0,0,0,0,0,0,0,0,0,0,0,0,0,0,0,0,0,0,0,0,1,0,0,0,0,0,31,4.89553300830149
"SGL121",0,0,0,0,0,0,0,0,0,0,0,0,0,0,0,0,0,0,0,0,0,0,0,0,0,0,0,0,0,0,0,0,0,0,0,0,0,0,0,0,0,0,0,1,0,0,0,1,0,0,0,0,0,0,0,27,0,0,0,0,0,0,2,22,1,0,1,13,0,2,0,0,0,0,0,0,0,0,0,0,0,0,0,0,0,0,0,0,0,0,0,266,10,6,1,10,10,3,0,5,0,1,0,0,1,0,0,0,1,0,1,0,0,0,0,1,0,4,0,0,0,0,0,0,0,2,0,0,1,0,2,1,2,0,2,0,0,0,0,0,0,0,0,0,0,0,0,0,0,0,0,0,0,0,0,0,0,0,0,0,0,0,0,0,0,0,0,0,0,0,0,0,0,0,0,0,0,0,0,0,0,0,0,0,0,0,0,29,2.50733641231046
"SGL24",0,0,0,0,0,0,0,0,0,0,0,0,0,0,0,2,0,2,0,0,0,0,1,0,0,0,0,0,0,0,0,0,0,0,7,0,0,0,0,0,0,0,0,3,9,0,0,0,0,0,0,0,0,1,0,7,0,0,0,0,0,0,2,18,1,23,58,14,0,0,1,0,0,0,0,0,0,0,0,1,0,0,3,1,0,1,0,1,0,0,0,49,21,24,11,56,7,2,7,14,0,9,1,2,2,12,0,1,3,2,7,0,0,0,0,2,0,1,0,0,0,0,0,0,0,1,0,0,0,0,0,0,1,0,2,1,0,1,0,0,1,0,0,3,0,0,0,0,0,0,0,0,0,0,0,0,0,0,0,0,0,0,0,0,1,0,0,0,0,0,0,0,0,0,0,0,0,0,0,0,0,0,0,0,0,0,0,48,14.1062693280855
"SGL22",0,0,0,0,0,0,0,0,0,0,0,0,0,0,0,0,0,1,0,0,1,0,0,0,0,6,0,0,0,0,0,0,10,0,10,0,0,11,0,1,0,0,0,18,4,0,0,0,1,0,0,0,0,0,0,46,0,0,0,0,0,0,1,26,1,40,14,0,1,0,0,0,0,0,0,0,0,0,0,0,0,1,6,14,0,0,10,0,0,0,0,38,41,32,1,6,1,6,4,1,0,8,6,0,4,1,0,0,3,0,4,0,0,0,0,0,0,1,0,1,0,0,0,0,0,0,4,0,0,0,1,6,0,0,1,1,0,0,0,0,1,0,1,1,0,0,0,1,0,0,0,1,0,0,0,0,0,0,0,0,0,0,0,0,0,0,0,0,0,0,0,0,0,0,0,0,0,1,0,0,0,0,0,0,0,0,0,49,16.1655841552402
"SGL13",0,0,0,0,0,0,0,0,0,0,0,0,0,0,0,0,0,2,1,0,0,0,0,0,0,2,0,0,0,0,0,0,4,0,0,0,0,1,0,0,0,0,0,13,1,0,2,1,0,0,0,0,0,1,0,1,0,0,0,0,0,0,2,3,1,29,0,18,3,0,0,0,1,0,0,0,0,0,0,0,0,0,20,15,2,0,0,0,0,0,0,30,26,20,2,30,0,32,1,2,0,15,10,0,22,0,2,0,16,14,0,0,1,0,0,0,0,2,0,2,0,9,0,0,0,0,1,0,1,0,2,0,8,0,1,1,0,0,0,0,2,0,15,0,0,0,0,0,0,3,0,5,0,0,0,0,0,1,0,0,0,0,0,0,0,0,0,0,1,0,0,0,0,0,0,0,0,0,0,0,0,0,0,0,0,0,0,51,19.8964100557566
"SGL16",0,0,0,0,0,1,0,0,0,0,0,0,0,0,0,0,0,1,0,0,0,0,0,0,0,0,0,0,0,0,0,0,1,0,0,0,0,0,0,0,0,0,0,5,2,0,0,0,0,0,0,1,0,0,0,25,0,0,0,0,0,0,7,1,0,51,69,3,3,0,0,0,0,0,0,0,0,0,0,1,0,0,4,1,1,0,0,0,0,0,0,60,27,26,2,23,1,3,0,2,0,2,3,0,3,15,2,0,3,1,25,5,2,0,0,1,0,5,0,1,0,1,0,0,0,4,2,0,0,0,0,1,0,0,0,0,0,0,0,0,0,0,0,1,0,1,0,0,0,0,0,0,0,0,0,0,0,0,0,0,0,0,0,0,0,0,0,0,0,0,0,0,0,0,0,0,0,0,0,0,0,0,0,1,0,0,0,45,11.8926791183713
"SGL112",0,0,0,0,0,0,0,0,0,0,0,0,0,0,0,0,0,0,0,0,0,0,0,0,0,0,0,0,0,0,0,0,0,0,1,0,0,0,0,2,0,0,0,15,0,0,0,0,0,2,0,0,0,0,0,2,0,0,0,0,0,0,1,3,1,18,5,1,6,0,0,0,4,0,0,0,0,0,0,0,0,0,1,0,0,0,0,0,0,0,0,11,31,3,95,16,0,17,6,13,4,6,0,3,10,16,2,0,5,5,9,4,0,0,0,0,0,0,41,1,0,1,0,9,0,0,3,0,7,0,2,4,0,4,2,0,1,3,0,0,0,0,0,3,0,0,0,0,0,0,0,0,0,0,0,1,0,0,0,0,0,0,0,0,0,0,0,0,0,0,0,0,0,0,0,0,0,0,0,0,0,0,0,0,0,0,0,46,12.3673215618005
"SGL106",0,0,0,0,0,0,0,0,0,1,0,0,0,3,0,0,0,3,5,2,0,3,0,0,0,0,1,1,0,0,0,0,2,0,11,19,1,1,0,0,0,0,1,0,0,0,0,0,1,4,0,6,0,0,3,8,0,0,0,0,0,28,3,4,0,8,19,0,3,0,5,1,0,0,0,0,0,0,0,0,0,0,0,2,0,0,0,0,0,0,0,43,27,12,23,6,0,11,4,45,0,14,5,3,1,5,0,1,3,0,3,5,2,0,0,4,0,0,3,0,4,1,0,1,1,1,0,0,0,1,0,7,0,7,0,0,0,1,0,0,5,0,0,0,0,0,0,0,0,0,0,0,1,0,0,0,0,0,0,0,0,1,0,0,0,0,0,0,0,0,0,0,0,0,0,0,0,0,0,0,0,0,0,0,0,0,0,60,18.4449093444909
"SGL111",0,0,0,0,0,0,0,0,0,0,0,0,0,0,0,0,0,0,0,0,0,0,0,0,0,0,0,0,0,0,0,0,0,0,0,0,0,2,0,0,0,0,0,0,0,0,0,0,0,0,0,0,0,0,0,6,0,0,0,0,0,0,0,1,0,4,0,0,0,0,0,2,0,0,0,0,0,0,0,0,0,0,0,4,0,20,0,0,0,0,0,1,10,20,82,2,0,6,8,35,48,8,8,24,2,6,0,0,24,0,0,0,3,0,0,0,0,46,0,4,0,0,0,0,0,2,12,0,0,0,0,4,0,0,0,0,0,0,0,0,0,0,0,0,0,0,0,0,0,0,0,0,0,0,0,0,0,1,0,0,0,3,0,2,0,0,0,0,0,0,0,0,0,0,0,0,0,0,0,0,0,0,0,0,0,0,0,31,11.6574207718858
"SGL14",0,0,0,0,0,0,0,0,0,0,0,0,0,0,0,0,0,0,0,0,0,0,0,0,0,0,0,0,0,0,0,0,0,0,0,0,0,0,0,0,0,0,0,0,0,0,0,0,0,8,0,0,0,0,0,4,0,0,0,0,0,0,0,1,0,0,0,6,0,0,0,1,6,0,0,0,0,0,0,13,0,0,0,40,0,8,0,0,0,0,0,2,3,0,44,0,0,6,24,10,0,2,1,0,39,20,0,0,11,18,13,3,0,0,0,0,0,1,0,1,0,0,58,0,0,23,1,0,0,0,0,1,1,0,3,1,0,0,0,0,0,0,0,0,1,17,0,0,0,0,0,0,0,0,0,1,0,0,5,0,0,0,0,2,0,0,0,0,0,0,0,0,0,0,0,0,0,0,0,0,0,1,0,0,0,0,0,38,14.9062937062937
"SGL23",0,0,0,0,0,0,0,0,0,0,0,0,0,0,0,0,0,0,0,0,0,0,0,0,0,0,0,0,0,0,0,0,6,0,0,0,0,0,0,0,0,0,0,18,0,1,10,2,0,0,0,4,0,0,0,0,0,0,0,0,0,0,0,0,1,0,8,4,14,1,0,0,1,0,0,0,0,0,0,0,0,0,1,0,0,0,0,18,0,0,0,91,22,0,1,28,2,6,8,26,0,8,10,16,6,12,0,1,1,0,14,4,1,0,0,4,19,1,2,0,1,1,0,0,1,2,1,0,1,0,0,0,0,8,8,0,0,0,0,0,1,0,0,2,0,0,0,0,0,0,0,1,0,0,0,0,0,0,0,0,0,0,0,0,0,0,0,0,0,0,0,0,1,0,0,0,0,0,0,0,0,0,0,0,0,0,0,48,13.3269588313413
"SGL100",0,0,0,0,0,0,0,0,0,0,0,0,0,0,0,1,0,9,3,0,0,0,0,0,0,0,1,4,0,0,0,0,0,0,0,0,0,10,0,0,0,0,0,0,0,0,0,0,3,0,0,0,1,0,0,169,0,0,0,0,0,2,2,31,0,0,3,0,0,0,1,0,0,0,0,0,0,0,0,0,0,0,0,0,0,0,0,0,0,0,0,115,1,0,0,0,3,0,0,4,0,0,0,0,0,0,0,0,2,1,0,0,0,0,0,0,4,2,0,0,5,0,0,0,0,0,0,0,0,8,4,0,0,11,0,0,0,0,0,0,0,0,0,0,0,0,0,0,0,0,0,0,0,0,0,0,0,0,0,0,0,0,0,0,0,0,0,0,0,0,0,0,0,0,0,0,0,0,0,0,0,0,0,0,0,0,0,26,4.13046249089585
"SGL02",0,0,0,0,0,1,0,0,3,0,0,0,4,4,3,6,0,16,0,1,62,0,0,24,0,0,0,0,4,0,2,0,2,5,16,8,10,4,17,0,0,0,23,0,1,0,1,0,0,0,10,3,0,0,0,24,0,0,0,1,0,1,0,3,0,0,6,0,0,0,1,0,0,0,3,0,0,0,0,0,0,0,0,0,6,0,0,42,0,0,0,14,4,2,0,3,0,0,0,1,0,1,0,0,1,0,0,0,0,0,0,8,0,10,0,4,1,2,2,0,0,0,0,0,2,7,4,0,0,1,1,7,0,1,1,0,0,0,0,0,0,2,0,0,0,0,0,0,0,0,0,0,0,0,0,0,4,0,0,0,0,0,0,0,0,0,0,0,0,0,0,0,0,0,0,0,0,0,0,0,0,0,0,0,0,0,0,56,16.8971233544612
"SGL26",0,0,0,0,0,0,0,0,0,0,0,0,0,8,0,1,2,0,0,2,2,0,0,0,0,14,0,1,0,0,1,0,0,0,24,0,140,0,0,0,0,0,4,0,0,0,3,0,0,0,0,0,0,0,0,10,0,1,0,0,0,4,1,44,0,0,3,0,0,0,0,0,0,0,0,0,0,0,0,0,0,0,2,0,0,0,0,6,0,0,0,16,0,40,40,0,0,0,0,0,0,0,1,6,4,1,1,0,0,0,0,0,0,4,0,0,0,0,0,0,0,0,0,0,4,0,0,0,0,1,0,1,0,8,0,0,0,0,0,0,0,0,0,0,0,0,0,0,0,0,0,0,0,0,0,0,0,0,0,0,0,0,0,0,0,0,0,0,0,0,0,0,0,0,0,0,0,0,0,0,0,0,0,0,0,0,0,33,6.87351981522895
"SGL21",0,0,0,0,0,0,0,0,0,0,0,0,0,3,0,1,0,0,1,0,0,0,0,0,0,0,0,0,0,0,0,0,9,0,3,0,0,1,0,0,0,0,0,3,0,1,4,0,0,0,0,0,0,0,0,32,0,3,0,0,0,1,0,45,0,4,0,0,2,0,0,0,2,0,0,0,0,0,0,0,0,0,0,1,0,0,2,6,0,1,0,95,16,1,15,3,10,7,4,1,0,21,28,7,1,1,0,0,0,2,0,1,3,0,0,6,3,1,0,4,0,0,0,0,6,1,2,0,5,0,1,1,0,0,1,6,2,0,0,0,0,0,1,1,0,0,0,0,0,1,0,0,0,0,0,0,0,0,0,0,0,0,0,0,0,0,0,0,0,0,0,1,0,0,0,0,0,0,1,0,14,0,0,1,0,0,0,57,11.7021908443996
"SGL17",0,0,0,0,0,0,0,0,0,0,0,0,0,2,0,0,0,0,0,0,2,2,0,0,0,0,0,0,1,0,0,0,4,0,1,0,0,0,0,0,0,0,0,6,0,4,1,2,2,0,0,2,0,0,0,3,0,0,0,0,0,1,5,1,2,3,32,8,8,3,0,0,2,0,0,0,0,0,0,0,0,0,8,4,1,2,1,20,0,0,0,30,44,1,7,6,3,9,7,1,0,12,2,5,18,12,1,8,5,2,16,4,2,0,0,3,0,4,11,3,0,0,0,0,3,2,3,0,1,0,0,4,10,1,3,0,3,1,1,0,1,0,0,3,0,1,0,4,0,6,0,2,0,0,0,0,0,0,0,0,2,0,0,0,0,0,0,0,0,0,0,0,0,0,0,0,0,0,0,0,0,0,0,0,0,0,0,72,19.4775310368946
